Epoch_time_ms,Ax,Ay,Az,Gx,Gy,Gz
1609459204000,-0.3012695,-0.9291992,-0.3012695,-30.1145,-42.32061,1.633588
1609459204217,0.109375,-0.9091797,0.109375,-5.931298,-40.90076,4.763359
1609459205434,0.1191406,-0.9804687,0.1191406,-10.59542,-39.89313,10.93893
1609459205652,-0.0209961,-0.9355469,-0.0209961,-3.458015,-11.15267,10.40458
1609459205870,-0.09863281,-0.9667969,-0.09863281,9.465649,11.45802,2.618321
1609459205133,0.1826172,-0.8862305,0.1826172,22.05343,49.51908,-0.06870229
1609459205351,-0.06396484,-0.831543,-0.06396484,7.21374,45.53435,-4.137404
1609459206604,-0.2143554,-0.8203125,-0.2143554,-8.183207,37.96947,-17.9771
1609459206855,-0.2651367,-1.103516,-0.2651367,-26.25954,10.96947,-8.923664
1609459206108,-0.01953125,-0.9916992,-0.01953125,-9.480916,-13.12214,0.9007633
1609459207365,-0.1010742,-0.9702149,-0.1010742,0.05343513,17.52672,-7.931298
1609459207628,-0.1298828,-0.9492187,-0.1298828,30.13741,48.70992,-4.465649
1609459207883,-0.2260742,-0.8876952,-0.2260742,11.66412,28.80153,-13.29008
1609459207140,-0.2114258,-0.7919922,-0.2114258,-9.160305,10.64122,-13.03817
1609459208399,-0.1665039,-0.9824218,-0.1665039,-18.0916,7.335878,-10.19847
1609459208653,0.02539062,-0.9785156,0.02539062,-10.66412,-16.92366,10.32061
1609459208909,-0.08007812,-0.9638672,-0.08007812,12.18321,37.66412,-9.893129
1609459208165,-0.2397461,-1.040527,-0.2397461,9.076336,37.84733,-7.427481
1609459209468,-0.1787109,-0.8061523,-0.1787109,-1.40458,11.71756,-7.335878
1609459209729,-0.1811523,-0.8530273,-0.1811523,-12.83969,8.045801,-0.9465649
1609459209983,-0.1889648,-0.9125977,-0.1889648,-13.29771,18.87786,-13.0229
1609459209245,-0.04199219,-0.9418945,-0.04199219,2.671756,33.0916,-14.54198
1609459210500,-0.2011719,-0.9609375,-0.2011719,20.37405,55.12214,-31.23664
1609459210761,-0.08154297,-0.7558594,-0.08154297,20.83969,36.47328,-11.22901
1609459210019,-0.1508789,-0.8007813,-0.1508789,7.267176,20.85496,-12.91603
1609459210275,-0.1967773,-0.8041992,-0.1967773,-10.64122,33.9313,-11.57252
1609459211534,0.00439453,-0.855957,0.00439453,-25.9084,17.54198,-6.961833
1609459211796,-0.1020508,-0.9360351,-0.1020508,17.38931,52.63358,-15.15267
1609459211055,-0.1494141,-0.9658203,-0.1494141,28.03053,61.69466,-22.49618
1609459211320,-0.1630859,-0.7973633,-0.1630859,13.16031,50.0916,-22.05343
1609459212582,-0.1948242,-0.8056641,-0.1948242,13.29008,59.9084,-30.71756
1609459212841,-0.2485352,-0.8408203,-0.2485352,-14.14504,28.14504,-26.78626
1609459212102,-0.09033203,-0.9169922,-0.09033203,-16.65649,23.84733,-2.435115
1609459213369,-0.0859375,-0.925293,-0.0859375,2.40458,38.82443,-11.35878
1609459213682,0.0444336,-0.8251952,0.0444336,16.37405,75.40458,6.389313
1609459213948,-0.371582,-0.7563477,-0.371582,21.79389,56.0,-46.16793
1609459213216,-0.07714844,-1.213379,-0.07714844,-32.93893,-67.74809,73.25191
1609459214478,0.375,-0.2426758,0.375,32.07634,-1.351145,-28.46565
1609459214740,-0.2744141,-0.6430664,-0.2744141,3.748092,20.10687,-36.25954
1609459214004,-0.09179688,-1.722168,-0.09179688,-61.20611,-64.36641,87.32825
1609459214267,0.3237305,-0.5961914,0.3237305,16.54962,8.557252,-16.99237
1609459215534,-0.4711914,-0.7666016,-0.4711914,12.8626,16.07634,-32.77863
1609459215804,0.06396484,-1.892578,0.06396484,-14.54962,-26.49618,146.9695
1609459215070,0.3012695,-0.3950195,0.3012695,23.0229,-20.18321,-68.01527
1609459215337,-0.2460938,-0.831543,-0.2460938,6.580153,45.85496,-67.79389
1609459216609,0.1103516,-1.679688,0.1103516,-38.54198,-69.46565,138.7252
1609459216878,0.2333984,-0.3959961,0.2333984,22.29771,0.00763359,-31.51145
1609459216146,-0.2060547,-0.7827149,-0.2060547,22.21374,52.80153,-81.20611
1609459217414,0.05029297,-1.546387,0.05029297,-36.96947,-68.90076,114.8473
1609459217684,0.1826172,-0.6235352,0.1826172,24.44275,20.91603,-20.38168
1609459217002,-0.3085938,-0.5732422,-0.3085938,13.16794,81.09161,-70.78626
1609459217270,-0.09960938,-0.9174805,-0.09960938,-7.72519,22.37405,71.75572
1609459218541,0.05029297,-0.9311523,0.05029297,15.65649,48.0916,-47.90076
1609459218813,-0.2363281,-0.9057616,-0.2363281,38.67939,105.2519,-52.52672
1609459218092,-0.1816406,-0.8432616,-0.1816406,-1.610687,51.0458,-20.16031
1609459219404,-0.2070312,-0.7792969,-0.2070312,0.3358779,16.49618,-65.19084
1609459219654,0.07910156,-0.8984375,0.07910156,-12.55725,1.862595,-58.2061
1609459219904,0.3256836,-0.9130859,0.3256836,-6.27481,-10.40458,-29.96183
1609459219159,0.4331055,-0.7045898,0.4331055,9.900764,-17.20611,-29.19847
1609459220415,0.6796875,-0.7993164,0.6796875,11.80153,6.564886,-10.30534
1609459220671,0.7626953,-0.8403319,0.7626953,-59.39695,26.87786,33.83969
1609459220924,-0.2109375,-0.3544922,-0.2109375,57.84733,52.08397,59.63359
1609459220177,0.4506836,-2.675293,0.4506836,5.114504,111.0305,25.82443
1609459221430,-0.07324219,-0.7949218,-0.07324219,22.26717,19.75573,0.0610687
1609459221681,0.1640625,-0.8471681,0.1640625,9.587787,5.992366,-4.343512
1609459221934,0.1923828,-0.7709961,0.1923828,7.145038,9.389313,-27.86259
1609459221231,0.1577148,-0.8222656,0.1577148,-8.106871,-7.290076,2.358779
1609459222486,0.1254883,-0.8388672,0.1254883,-2.755725,4.374046,2.358779
1609459222740,0.1132813,-0.7753906,0.1132813,7.175572,19.25191,22.94657
1609459222995,-0.0444336,-0.7514649,-0.0444336,12.80153,25.38931,30.10687
1609459222246,-0.2719727,-0.6811523,-0.2719727,20.67175,23.26717,53.70992
1609459223499,-0.4160157,-0.4067383,-0.4160157,15.14504,86.39695,68.62595
1609459223756,-0.8403319,-0.203125,-0.8403319,-19.78626,47.51908,81.05344
1609459223013,-1.085449,0.3359375,-1.085449,-5.748092,21.03817,23.8855
1609459223270,-1.210938,0.1708984,-1.210938,-8.938931,3.954198,-7.862596
1609459224530,-1.006836,0.05761719,-1.006836,4.526718,20.0458,8.770992
1609459224789,-0.9658203,0.09033203,-0.9658203,-2.251908,-2.099237,0.8549618
1609459224049,-0.9726563,0.09277344,-0.9726563,-3.641222,0.1984733,-0.8167939
1609459224306,-0.9692384,0.09863281,-0.9692384,-3.068702,0.5114504,-0.9618321
1609459225566,-0.9545898,0.09033203,-0.9545898,-3.19084,1.152672,-1.129771
1609459225827,-0.9731445,0.09033203,-0.9731445,-3.007634,1.419847,-1.206107
1609459225088,-0.9726563,0.09716797,-0.9726563,-3.259542,0.4503817,-1.244275
1609459226394,-0.9755859,0.08935547,-0.9755859,-3.305344,0.1603053,-0.8015267
1609459226652,-0.9633789,0.09228517,-0.9633789,-3.427481,0.1450382,-1.198473
1609459226910,-0.9667969,0.09179688,-0.9667969,-3.114504,0.8931297,-0.9160306
1609459226167,-0.96875,0.09667969,-0.96875,-3.076336,0.7099237,-1.091603
1609459227434,-0.9633789,0.09960938,-0.9633789,-3.175572,0.687023,-1.19084
1609459227697,-0.9663085,0.09082031,-0.9663085,-3.152672,0.3664123,-1.10687
1609459227961,-0.9667969,0.1020508,-0.9667969,-3.19084,1.076336,-0.9160306
1609459227223,-0.9560548,0.08935547,-0.9560548,-3.832061,1.748092,-0.519084
1609459228486,-0.9702149,0.09423828,-0.9702149,-2.748092,-3.068702,-5.603054
1609459228750,-0.9707031,0.06054688,-0.9707031,0.648855,-4.450382,-10.8626
1609459228010,-1.018066,-0.0336914,-1.018066,12.51908,-13.12214,-34.10687
1609459228272,-1.055176,-0.1679688,-1.055176,24.09924,19.12977,-36.55725
1609459229534,-0.9838867,-0.3330078,-0.9838867,-18.07634,-11.70992,-12.19084
1609459229801,-1.20459,-0.284668,-1.20459,-14.50382,-31.06107,8.458015
1609459229071,-0.9614258,-0.2192383,-0.9614258,-1.40458,-33.20611,-24.16794
1609459229339,-0.7270508,-0.3969726,-0.7270508,-23.05343,-36.68702,-30.61069
1609459230653,-0.5849609,-0.637207,-0.5849609,-2.358779,-83.29771,-30.15267
1609459230917,-0.1069336,-0.5273438,-0.1069336,-12.58015,27.60305,-28.44275
1609459230179,-0.4023438,-0.6630859,-0.4023438,-5.916031,9.801527,-18.77863
1609459231445,-0.2817383,-0.7758789,-0.2817383,-5.549619,-7.083969,-26.77099
1609459231713,-0.1313477,-0.7407227,-0.1313477,4.366412,8.137404,-39.38931
1609459231985,0.137207,-0.7319336,0.137207,12.00763,3.10687,-4.580153
1609459231252,0.2021484,-0.8481445,0.2021484,31.58779,52.41985,-19.8855
1609459232519,-0.1640625,-0.6245117,-0.1640625,33.57252,126.5343,-71.28244
1609459232787,-0.1508789,-0.4536133,-0.1508789,36.72519,58.77863,-52.36641
1609459232056,-0.4150391,-0.5512695,-0.4150391,-35.71756,6.137404,16.16794
1609459232329,-0.8994141,-0.5976563,-0.8994141,-74.57252,-12.33588,167.2443
1609459233598,-0.4013672,-0.09033203,-0.4013672,-83.42748,9.557252,168.2366
1609459233903,-0.3330078,-0.0336914,-0.3330078,-122.3435,31.41985,66.9313
1609459233156,-0.6376953,-0.03808594,-0.6376953,89.58778,-10.46565,-83.54198
1609459234409,-0.7783203,-0.144043,-0.7783203,121.5115,68.52672,-168.0153
1609459234668,-0.7905273,-0.2441406,-0.7905273,80.48855,-24.80916,-125.2748
1609459234963,-0.7290039,-0.2128906,-0.7290039,-36.50382,9.564885,22.82443
1609459234215,-1.132324,-0.2333984,-1.132324,-108.0229,-53.93893,233.3817
1609459235463,-0.07373047,0.1191406,-0.07373047,-154.1374,64.07633,139.0992
1609459235714,-0.4165039,0.0288086,-0.4165039,8.160305,15.01527,-44.17557
1609459235967,-0.949707,0.1860352,-0.949707,-13.0,-10.54962,-51.64885
1609459235225,-0.6875,-0.1508789,-0.6875,-31.46565,-27.98474,-20.92366
1609459236482,-0.5942383,-0.3828125,-0.5942383,-40.07634,-46.48092,-17.27481
1609459236740,-0.3583984,-0.5727539,-0.3583984,-31.68702,-31.0916,-0.2748091
1609459236992,-0.05615234,-0.3515625,-0.05615234,21.96947,-34.77099,-28.92366
1609459236247,-0.1083984,-0.675293,-0.1083984,-49.78626,28.87786,-9.877863
1609459237500,0.02246094,-0.6044922,0.02246094,-10.05344,55.15267,-41.79389
1609459237752,-0.2221679,-0.7211915,-0.2221679,8.671756,60.0,15.38931
1609459237016,-0.4985352,-0.2001953,-0.4985352,46.14504,87.0458,75.91603
1609459237273,-0.7231445,-0.01855469,-0.7231445,46.44275,51.49618,16.70992
1609459238529,-0.9409181,0.1728516,-0.9409181,23.77099,39.64122,15.52672
1609459238791,-0.8237305,0.0336914,-0.8237305,4.664122,-38.16031,-50.87786
1609459238093,-0.6948242,-0.6601563,-0.6948242,-42.79389,-5.465649,-165.7634
1609459238349,-0.2724609,-0.7807617,-0.2724609,-25.98474,-6.541985,-56.65649
1609459239604,-0.1186523,-1.01123,-0.1186523,-10.29008,15.1145,-15.99237
1609459239865,-0.1982422,-0.9663085,-0.1982422,0.610687,-8.511451,19.67939
1609459239124,-0.05761719,-0.7553711,-0.05761719,8.641221,0.09160307,20.07634
1609459240385,-0.3540039,-0.8154297,-0.3540039,-7.572519,-7.083969,-4.679389
1609459240644,-0.3237305,-0.8642578,-0.3237305,-22.98474,-0.8854961,-2.038168
1609459240904,-0.1303711,-0.7524415,-0.1303711,-0.7633588,2.977099,-3.778626
1609459240163,-0.08691406,-0.9667969,-0.08691406,-3.946565,12.76336,-11.73282
1609459241426,-0.1586914,-1.060547,-0.1586914,27.47328,42.46565,-5.625954
1609459241685,-0.2333984,-0.8784181,-0.2333984,16.36641,37.56488,-9.961832
1609459241944,-0.2285156,-0.734375,-0.2285156,-9.931297,14.26718,-14.01527
1609459241205,-0.2700195,-0.9536133,-0.2700195,-17.19084,-6.923664,-11.44275
1609459242468,-0.04882812,-0.8945313,-0.04882812,1.839695,10.35878,-0.07633588
1609459242736,-0.2827148,-0.9267578,-0.2827148,38.61832,74.62595,-20.37405
1609459242999,-0.4101563,-0.7275391,-0.4101563,9.244275,47.91603,-29.70992
1609459242308,-0.07128906,-0.9824218,-0.07128906,-6.48855,21.80916,-10.12977
1609459243568,0.00341797,-0.8706055,0.00341797,23.0,56.82443,-18.62595
1609459243828,-0.4326172,-1.006348,-0.4326172,69.24428,117.0382,-55.78626
1609459243090,-0.1918945,-0.7915039,-0.1918945,19.35878,119.6183,-36.9084
1609459244358,-0.3657226,-0.9614258,-0.3657226,45.74809,105.9084,-47.41985
1609459244624,-0.5351563,-0.6323242,-0.5351563,48.21374,92.90839,69.55725
1609459244893,-0.9482422,-0.2988281,-0.9482422,-11.9771,23.13741,148.7023
1609459244158,-1.042969,0.1665039,-1.042969,-7.732824,9.206107,12.03053
1609459245426,-0.659668,0.2304688,-0.659668,10.92367,-24.60305,10.32061
1609459245691,-0.722168,0.02539062,-0.722168,49.56488,30.73283,-74.70229
1609459245962,-0.9301758,0.3305664,-0.9301758,-112.6183,32.67176,51.87786
1609459245225,-0.9267578,-0.03271484,-0.9267578,-82.37405,-51.03053,-36.0687
1609459246496,-0.6655273,0.1508789,-0.6655273,-2.068702,9.068703,30.73283
1609459246766,-1.001953,-0.1977539,-1.001953,-4.21374,-13.52672,-75.21374
1609459246035,-0.6269531,-0.1098633,-0.6269531,13.61832,-28.58015,-61.29008
1609459246305,-0.7539063,-0.08496094,-0.7539063,0.4503817,-68.35114,-68.48855
1609459247616,-0.8164063,0.1015625,-0.8164063,49.38168,46.17557,17.00763
1609459247887,-1.185059,-0.2236328,-1.185059,-17.70992,-22.77863,85.58015
1609459247194,-1.24707,-0.04394531,-1.24707,-29.25954,-5.587786,79.42748
1609459248444,-0.7807617,0.2744141,-0.7807617,20.66412,6.419847,17.43511
1609459248696,-0.8354492,0.1523438,-0.8354492,21.71756,9.206107,-47.06107
1609459248950,-1.24707,0.1157227,-1.24707,-33.08397,-81.71756,91.12976
1609459248204,-0.6206055,0.3574219,-0.6206055,11.60305,7.473282,-19.14504
1609459249454,-0.8789063,0.03808594,-0.8789063,10.41221,1.587786,-111.2672
1609459249715,-0.8955078,-0.4443359,-0.8955078,-14.06107,-86.90076,-146.7176
1609459249976,-0.2138672,-0.9418945,-0.2138672,-59.92366,-76.96183,-57.09923
1609459249226,-0.09033203,-1.072266,-0.09033203,-3.419847,-57.58015,30.73283
1609459250482,-0.046875,-0.9799805,-0.046875,-0.1221374,-80.41985,34.01527
1609459250733,-0.2006836,-1.032715,-0.2006836,15.29008,-39.9313,12.87786
1609459250987,-0.2836914,-0.5834961,-0.2836914,-34.35878,-47.0687,13.09924
1609459250246,0.2260742,-1.547852,0.2260742,-39.31298,-32.48855,17.05343
1609459251500,-0.1489258,-1.006836,-0.1489258,38.9313,86.51908,-14.71756
1609459251807,-0.3256836,-0.3178711,-0.3256836,-42.06107,-47.86259,33.16031
1609459251060,0.02978516,-0.7202149,0.02978516,1.007634,8.908397,-32.62595
1609459251318,-0.2202148,-1.394043,-0.2202148,24.13741,82.62595,-45.06107
1609459252573,0.05859375,-1.743164,0.05859375,-42.39695,-35.84733,24.53435
1609459252827,0.1782227,-0.4033203,0.1782227,31.17557,122.771,-6.290076
1609459252085,-0.4575195,-0.0258789,-0.4575195,-28.08397,5.679389,-21.62595
1609459252341,0.01074219,-1.009277,0.01074219,7.694657,40.07634,-30.10687
1609459253598,-0.8115234,-1.460449,-0.8115234,16.71756,67.67175,-46.92366
1609459253857,-0.1015625,-1.353027,-0.1015625,-34.72519,-46.85496,31.48855
1609459253113,0.4804688,-0.2382812,0.4804688,24.51908,66.0229,10.9313
1609459254378,-0.4448242,-0.2465821,-0.4448242,7.801527,24.35114,-20.13741
1609459254639,0.1103516,-1.425781,0.1103516,-14.01527,-50.00763,6.72519
1609459254897,-0.9814452,-1.346191,-0.9814452,38.67939,55.86259,-33.29008
1609459254163,-0.3945313,-0.8740234,-0.3945313,-56.53435,-146.8092,57.9084
1609459255424,0.3222656,-0.269043,0.3222656,18.32825,31.9771,0.8244275
1609459255686,-0.2026367,-1.29834,-0.2026367,21.35114,-4.984733,-49.84733
1609459255996,0.04492188,-1.32666,0.04492188,20.73282,7.114504,-0.5038168
1609459255254,-0.2753906,-0.9604492,-0.2753906,7.259542,131.8244,-15.19084
1609459256511,-0.3754883,-0.2841797,-0.3754883,-16.14504,67.13741,-34.22901
1609459256770,-0.3349609,-1.414063,-0.3349609,-0.610687,-6.755725,-27.72519
1609459256032,-0.4194336,-0.9780273,-0.4194336,48.19848,96.94656,-20.64886
1609459256297,-0.3422852,-0.3925781,-0.3422852,-36.35878,-9.152672,9.320611
1609459257560,-0.1235352,-1.410156,-0.1235352,3.419847,3.564885,-14.74809
1609459257828,-0.5717773,-1.34668,-0.5717773,44.91603,61.1145,-36.0458
1609459257093,-0.2456054,-0.2973633,-0.2456054,-40.13741,-5.389313,22.80916
1609459257355,-0.171875,-1.023926,-0.171875,-4.625954,0.9160306,-12.0
1609459258618,-0.2333984,-1.630859,-0.2333984,15.60305,32.48092,-24.60305
1609459258880,-0.4384766,-0.5625,-0.4384766,-27.41985,-21.26718,-1.183206
1609459258141,0.1713867,-1.178223,0.1713867,0.03816794,9.389313,-18.12977
1609459259409,-0.01806641,-0.9243164,-0.01806641,33.92366,72.90076,-3.732824
1609459259674,-0.6928711,-0.355957,-0.6928711,54.9542,1.648855,38.41985
1609459259943,0.1884766,-0.4887695,0.1884766,-43.42748,-155.9237,91.9313
1609459259254,-1.231445,0.2070312,-1.231445,153.7557,57.25191,-248.1832
1609459260522,2.047363,0.1191406,2.047363,238.1679,-115.5343,-158.1298
1609459260785,0.7548828,0.3706055,0.7548828,3.435115,58.84733,-7.557252
1609459260053,0.4858398,-0.0727539,0.4858398,-26.99237,-16.84733,3.167939
1609459260323,0.6533203,-0.105957,0.6533203,-12.31298,-13.65649,-21.78626
1609459261594,0.6743164,-0.1040039,0.6743164,-14.0,11.66412,-12.03817
1609459261863,0.5976563,-0.1230469,0.5976563,-8.312977,15.08397,-4.885496
1609459261134,0.5610352,-0.1987305,0.5610352,-4.977099,16.09924,2.519084
1609459262403,0.5053711,-0.0859375,0.5053711,2.396947,9.633588,2.648855
1609459262670,0.4921875,-0.1455078,0.4921875,-4.580153,-2.786259,0.1832061
1609459262972,0.5019531,-0.168457,0.5019531,-8.870229,1.80916,-0.7862596
1609459262224,0.4580078,-0.1870117,0.4580078,-5.51145,1.465649,1.816794
1609459263479,0.4667969,-0.1923828,0.4667969,-5.0,-0.5877862,-0.7328245
1609459263732,0.3984375,-0.2119141,0.3984375,-10.40458,-8.343512,-1.435114
1609459263982,0.5078125,-0.1186523,0.5078125,-35.76336,-24.44275,19.85496
1609459263236,0.5561523,-0.3837891,0.5561523,-23.85496,5.236641,-0.4274809
1609459264533,0.5668945,-0.4711914,0.5668945,-37.82443,-0.3969465,28.00763
1609459264783,0.4033203,-0.6791992,0.4033203,-58.56488,-0.9923664,55.09161
1609459264036,0.1108398,-0.8745116,0.1108398,-64.54198,3.923664,64.58015
1609459264299,-0.1030273,-0.9492187,-0.1030273,-38.25954,-11.45038,41.68702
1609459265553,-0.2412109,-0.8999023,-0.2412109,-20.61069,-11.51908,37.96183
1609459265807,-0.08544922,-0.8178711,-0.08544922,12.72519,5.503816,26.93893
1609459265059,-0.3100586,-0.8828125,-0.3100586,9.557252,26.65649,-3.977099
1609459265310,-0.4912109,-0.8154297,-0.4912109,5.480916,23.39695,1.435114
1609459266563,-0.4829102,-0.8520508,-0.4829102,15.25954,26.77863,15.56489
1609459266816,-0.5395508,-0.7675782,-0.5395508,38.67939,42.0458,12.71756
1609459266074,-0.5849609,-0.7861328,-0.5849609,50.37405,53.85496,-11.64886
1609459266332,-0.6108398,-0.6640625,-0.6108398,71.44275,24.0916,-22.09924
1609459267588,-0.5458984,-0.6074219,-0.5458984,4.954198,37.70992,-6.038167
1609459267848,-0.6430664,-0.6411133,-0.6430664,-11.66412,-1.282443,-11.63359
1609459267108,-0.6318359,-0.8535156,-0.6318359,-12.72519,-21.92366,-0.4885496
1609459268365,-0.5405273,-0.6977539,-0.5405273,26.44275,-17.17557,9.59542
1609459268670,-0.5512695,-0.4101563,-0.5512695,18.29008,-10.52672,19.79389
1609459268926,-0.7070313,-0.5170898,-0.7070313,10.94656,-48.74809,-9.343512
1609459268189,-0.2646484,-0.3227539,-0.2646484,8.076336,-72.0458,-22.34351
1609459269448,-0.1054688,-0.8916017,-0.1054688,-24.47328,-7.076336,-14.91603
1609459269714,-0.08203125,-0.7075195,-0.08203125,-15.1374,4.022901,-11.75572
1609459269977,0.0649414,-0.9042969,0.0649414,-19.90076,-4.580153,-27.65649
1609459269236,0.1914062,-0.8652344,0.1914062,-8.366412,-24.26717,-31.48855
1609459270495,0.3144531,-0.7246094,0.3144531,-21.12214,25.53435,7.625954
1609459270754,0.2177734,-0.7124023,0.2177734,-15.25954,53.73283,11.26718
1609459270012,0.00732422,-0.6459961,0.00732422,-22.12977,76.21374,-1.725191
1609459270277,-0.269043,-0.9106445,-0.269043,-18.0458,18.70992,-16.08397
1609459271541,-0.2080078,-0.8754884,-0.2080078,-13.0687,-13.70229,9.916031
1609459271808,-0.06445312,-0.8764649,-0.06445312,-15.17557,-30.19847,-2.396947
1609459271074,-0.02978516,-0.9238282,-0.02978516,-0.1603053,-39.15267,9.015267
1609459271337,-0.140625,-0.9438477,-0.140625,8.091603,-15.54962,20.78626
1609459272602,0.00683594,-0.8461915,0.00683594,14.01527,3.496183,20.96947
1609459272916,-0.3227539,-0.7583008,-0.3227539,-14.60305,9.893129,4.755725
1609459272186,-0.3623047,-1.064941,-0.3623047,-26.44275,-7.625954,-1.374046
1609459273457,-0.05126953,-1.008789,-0.05126953,-7.900764,-14.61832,0.5343512
1609459273725,-0.2382812,-0.96875,-0.2382812,16.94657,12.52672,-10.22137
1609459273991,-0.387207,-1.024902,-0.387207,19.70992,-24.92366,6.083969
1609459273258,-0.07177734,-0.7597656,-0.07177734,-5.900764,-27.58779,11.84733
1609459274529,-0.1567383,-0.7685547,-0.1567383,-36.66412,-19.00763,8.78626
1609459274794,-0.1064453,-0.9589844,-0.1064453,-40.05344,-13.90076,-4.694656
1609459274059,-0.1342773,-0.9799805,-0.1342773,-15.38168,-28.87023,0.9694656
1609459274324,-0.1269531,-1.019531,-0.1269531,-12.99237,-66.9313,-0.1221374
1609459275594,-0.02294922,-0.8041992,-0.02294922,-6.72519,-31.27481,-12.64886
1609459275861,0.2231446,-0.9941406,0.2231446,-30.41221,-36.16031,-34.67176
1609459275134,0.2792969,-1.10498,0.2792969,14.22137,25.47328,-24.38168
1609459276406,0.1010742,-1.117676,0.1010742,-31.94657,6.29771,19.12214
1609459276675,0.2070312,-0.8798828,0.2070312,-11.40458,8.603053,7.335878
1609459276943,0.1933594,-0.9814452,0.1933594,3.0,-6.251908,-2.671756
1609459276291,0.2099609,-1.152832,0.2099609,-2.557252,15.74809,9.053435
1609459277541,0.06445312,-0.9926758,0.06445312,31.59542,13.12977,13.83206
1609459277791,-0.01220703,-0.8271483,-0.01220703,29.51145,31.8855,12.74046
1609459277040,-0.09033203,-0.9560548,-0.09033203,13.35114,21.38931,9.458015
1609459277290,-0.1362305,-0.9951172,-0.1362305,14.05344,26.35878,-0.3435115
1609459278541,-0.1987305,-1.081543,-0.1987305,24.89313,49.74046,-3.366412
1609459278791,-0.168457,-0.8569336,-0.168457,13.37405,27.83969,-3.732824
1609459278044,-0.1308594,-0.8701172,-0.1308594,6.19084,20.74809,-6.748092
1609459278294,-0.1704102,-0.8076172,-0.1704102,-0.221374,34.67939,-9.961832
1609459279549,-0.277832,-0.9931641,-0.277832,-22.58779,35.27481,-15.58779
1609459279809,-0.1230469,-0.9409181,-0.1230469,-9.900764,30.19847,-11.35114
1609459279067,-0.06347656,-0.9916992,-0.06347656,10.43511,26.49618,-20.51145
1609459279322,-0.1044922,-1.037109,-0.1044922,24.12214,72.21374,-3.213741
1609459280587,-0.09619142,-0.8041992,-0.09619142,26.9313,57.25191,-14.56489
1609459280846,-0.2226562,-0.8593751,-0.2226562,-6.221374,28.54962,-19.83206
1609459280099,-0.2109375,-0.8994141,-0.2109375,-32.22137,-16.21374,-12.32061
1609459281401,0.1870117,-0.9663085,0.1870117,6.503816,-91.17558,7.664122
1609459281658,0.1201172,-0.9301758,0.1201172,6.89313,-27.73283,12.48092
1609459281915,0.06445312,-1.094238,0.06445312,29.0687,37.80916,-22.16031
1609459281175,0.03466797,-0.8178711,0.03466797,-10.20611,59.24427,-14.20611
1609459282428,-0.01708984,-0.9111328,-0.01708984,-24.82443,95.49619,-17.86259
1609459282684,-0.08886719,-0.9233398,-0.08886719,-2.725191,70.61832,-33.54962
1609459282941,0.08007812,-0.9458008,0.08007812,-4.603054,65.8855,-5.938931
1609459282201,-0.03955078,-0.9711915,-0.03955078,23.0458,79.32061,6.572519
1609459283463,-0.315918,-0.8481445,-0.315918,14.36641,37.17557,-13.26718
1609459283724,-0.1450195,-0.8339844,-0.1450195,-12.05344,15.9771,-2.366412
1609459283987,-0.1464844,-1.28125,-0.1464844,-24.67175,-4.40458,-20.58779
1609459283247,-0.1342773,-0.9624023,-0.1342773,15.0687,46.69466,-18.59542
1609459284506,-0.2548828,-1.203613,-0.2548828,21.26718,55.03053,-13.56489
1609459284767,-0.1547852,-0.6665039,-0.1547852,2.969465,41.10687,-23.0
1609459284032,-0.00439453,-1.470703,-0.00439453,-27.17557,-38.23664,12.82443
1609459284295,0.328125,-0.3154297,0.328125,21.29771,65.99236,5.045802
1609459285603,-0.3417969,-0.2802734,-0.3417969,-20.12214,10.74046,-14.07633
1609459285869,-0.01123047,-1.374023,-0.01123047,-4.08397,23.31298,-7.282443
1609459285134,-0.4418945,-1.175293,-0.4418945,31.19084,99.13741,-3.778626
1609459286399,-0.2949219,-0.3789063,-0.2949219,-16.58015,-0.5954198,2.70229
1609459286667,-0.08203125,-1.057129,-0.08203125,7.816793,17.79389,-10.17557
1609459286930,-0.5170898,-1.271484,-0.5170898,25.60305,61.12977,-16.50382
1609459286194,-0.1523438,-0.4829102,-0.1523438,-27.70229,-18.00763,10.05344
1609459287461,-0.0678711,-1.14502,-0.0678711,0.08396947,-9.954199,-11.99237
1609459287729,-0.4116211,-0.9707031,-0.4116211,13.12214,75.36641,14.54962
1609459287993,-0.340332,-0.2973633,-0.340332,-44.54962,-29.37405,-4.656488
1609459287257,-0.08251953,-1.055176,-0.08251953,3.183206,21.15267,-27.56489
1609459288526,0.07763672,-0.9760742,0.07763672,8.961832,10.67939,-4.564886
1609459288794,-0.1630859,-0.737793,-0.1630859,-12.12977,34.79389,-4.427481
1609459288060,-0.09912108,-1.133301,-0.09912108,-17.54962,-19.30534,8.427481
1609459288323,-0.05615234,-1.064941,-0.05615234,23.0687,33.8168,-5.824428
1609459289591,-0.05810547,-0.9697266,-0.05810547,15.60305,-10.96947,-6.778626
1609459289909,-0.1386719,-0.7724609,-0.1386719,-3.458015,18.92366,-10.44275
1609459289177,-0.1318359,-0.7724609,-0.1318359,-13.94656,27.96947,-18.26718
1609459290447,-0.08935547,-0.9775391,-0.08935547,-34.53435,18.61832,-5.343512
1609459290720,-0.09716797,-0.9790039,-0.09716797,-5.236641,29.48855,-2.580153
1609459290987,-0.1411133,-1.022949,-0.1411133,38.77863,73.54962,4.526718
1609459290253,-0.3046875,-0.8505859,-0.3046875,14.0229,16.33588,-11.28244
1609459291526,-0.3129883,-0.7817383,-0.3129883,1.931297,15.53435,-10.9542
1609459291831,-0.137207,-0.9272461,-0.137207,7.732824,-20.28244,11.64886
1609459291078,-0.4799805,-0.8452149,-0.4799805,14.41985,-75.05344,73.61069
1609459291334,-0.05322266,-0.1166992,-0.05322266,121.1832,-93.82442,-9.236641
1609459292587,0.6606445,0.2211914,0.6606445,-105.2061,-9.175572,101.229
1609459292837,-2.34668,-0.5844727,-2.34668,250.1298,-130.9466,43.61069
1609459292085,1.171387,0.04345703,1.171387,2.358779,-18.83206,-33.68702
1609459292335,0.6713867,-0.1142578,0.6713867,24.83969,0.6030535,30.45802
1609459293588,0.6796875,-0.1293945,0.6796875,-5.145038,5.099236,-12.33588
1609459293842,0.8149415,-0.09912108,0.8149415,-6.022901,8.732824,-3.259542
1609459293141,0.7900391,-0.1357422,0.7900391,-3.29771,-2.664122,-4.954198
1609459294395,0.8310548,-0.1279297,0.8310548,-7.694657,11.77099,0.1832061
1609459294655,0.7558594,-0.159668,0.7558594,-5.328244,18.92366,-2.114504
1609459294909,0.6762695,-0.1113281,0.6762695,-3.526718,29.54198,-9.427481
1609459294159,0.6362305,-0.0834961,0.6362305,-36.76336,0.1984733,8.572519
1609459295412,0.5615234,-0.2641602,0.5615234,-32.57252,16.81679,17.37405
1609459295667,0.387207,-0.4619141,0.387207,-38.21374,25.73283,24.27481
1609459295934,0.2617188,-0.6201172,0.2617188,-41.87786,19.1145,33.30534
1609459295198,0.05664062,-0.7602539,0.05664062,-43.73283,25.0,34.53435
1609459296455,-0.1083984,-0.769043,-0.1083984,-37.92366,21.32061,26.41985
1609459296713,-0.1699219,-0.7875977,-0.1699219,22.1145,57.23664,-26.78626
1609459296975,-0.3330078,-0.7626953,-0.3330078,4.076336,57.35115,9.40458
1609459296229,-0.4506836,-0.7578125,-0.4506836,-11.44275,48.45038,16.50382
1609459297486,-0.6411133,-0.7670898,-0.6411133,12.99237,23.1145,21.73283
1609459297745,-0.6557617,-0.6176758,-0.6557617,19.03053,8.793893,0.09923664
1609459297003,-0.715332,-0.5913086,-0.715332,4.068702,46.08397,-14.82443
1609459297312,-0.5400391,-0.8823242,-0.5400391,4.40458,-23.29771,-7.938931
1609459298569,-0.5751953,-0.6694336,-0.5751953,39.8168,-23.29771,-11.12214
1609459298834,-0.4248047,-0.59375,-0.4248047,24.9771,3.816794,-5.145038
1609459298095,-0.2753906,-0.2895508,-0.2753906,12.69466,-3.870229,-17.31298
1609459299357,-0.1689453,-0.6142578,-0.1689453,-1.320611,-17.49618,-27.73283
1609459299619,-0.1542969,-1.014648,-0.1542969,-54.0,11.79389,-34.61832
1609459299878,-0.06591797,-0.7456055,-0.06591797,-16.22137,30.14504,-28.65649
1609459299141,0.00439453,-0.8837891,0.00439453,-19.77099,26.03053,-27.59542
1609459300405,-0.05859375,-0.8198242,-0.05859375,-12.1145,52.41221,-3.847328
1609459300668,-0.2216797,-0.715332,-0.2216797,-3.687023,82.06107,22.19847
1609459300937,-0.4980469,-0.7792969,-0.4980469,18.9313,32.07634,-10.00763
1609459300201,-0.4921875,-0.8413085,-0.4921875,-12.87023,-1.938931,-36.37405
1609459301461,-0.2480469,-0.9819336,-0.2480469,-28.9313,2.923664,-16.84733
1609459301724,-0.1879883,-0.9726563,-0.1879883,-4.137404,4.167939,-7.633588
1609459301994,-0.1621094,-0.9702149,-0.1621094,-8.40458,-28.8855,16.76336
1609459301263,-0.2260742,-1.075684,-0.2260742,18.85496,-0.4427481,0.4885496
1609459302578,-0.1870117,-0.8334961,-0.1870117,3.633588,11.31298,-2.007634
1609459302847,-0.2602539,-0.7983398,-0.2602539,-13.09924,30.50382,-12.42748
1609459302113,-0.1523438,-0.8735351,-0.1523438,-23.0687,22.39695,-15.94656
1609459303376,-0.1269531,-0.9892578,-0.1269531,1.038168,13.49618,-3.435115
1609459303642,-0.175293,-1.003418,-0.175293,10.83969,0.8778625,3.984733
1609459303908,-0.4404297,-0.8764649,-0.4404297,34.39695,-1.183206,-9.351145
1609459303177,-0.184082,-0.7641602,-0.184082,-0.7251908,-14.19084,4.862596
1609459304450,-0.1879883,-0.8198242,-0.1879883,-23.92366,-24.79389,3.656489
1609459304719,-0.09277344,-1.236816,-0.09277344,-47.91603,-87.95419,6.442748
1609459304987,-0.09228517,-0.9121094,-0.09228517,-9.870229,-38.32061,14.60305
1609459304261,-0.1992188,-1.000488,-0.1992188,13.52672,20.96947,0.1221374
1609459305531,-0.2387696,-0.8305664,-0.2387696,10.21374,19.53435,-0.7709923
1609459305801,-0.1635742,-0.8427734,-0.1635742,-9.519084,19.00763,-14.67176
1609459305071,-0.2504883,-0.9682616,-0.2504883,-28.16794,6.40458,-13.38168
1609459306379,-0.1015625,-0.9663085,-0.1015625,3.175572,31.31298,-0.7709923
1609459306630,-0.06738281,-1.071777,-0.06738281,27.9313,75.93893,-11.31298
1609459306927,-0.5205078,-1.033691,-0.5205078,22.96947,47.91603,-49.17557
1609459306180,-0.2866211,-0.7885742,-0.2866211,0.1679389,67.38168,-31.0916
1609459307433,-0.08789062,-0.9619141,-0.08789062,-8.832061,21.80916,-10.70229
1609459307690,0.1171875,-0.5463867,0.1171875,9.732824,67.03053,-23.56489
1609459307941,-0.3359375,-1.344727,-0.3359375,-14.32061,18.84733,-36.65649
1609459307193,-0.4165039,-0.6655273,-0.4165039,-40.98473,-35.63359,15.99237
1609459308445,-0.1337891,-0.9458008,-0.1337891,10.0916,24.48855,-21.46565
1609459308702,-0.5791016,-1.223633,-0.5791016,25.91603,40.03817,-43.76336
1609459308960,-0.2983398,-0.4506836,-0.2983398,-45.17557,-4.389313,22.99237
1609459308215,-0.04785156,-0.8613282,-0.04785156,19.27481,48.29771,-30.34351
1609459309470,-0.9829102,-1.456055,-0.9829102,46.50382,58.91603,-50.8855
1609459309728,-0.309082,-0.5498047,-0.309082,-50.45802,-58.41221,46.80916
1609459309980,0.1582031,-0.4228516,0.1582031,20.51145,29.20611,-23.03817
1609459309236,-0.34375,-1.254395,-0.34375,-2.709924,12.80153,-42.62595
1609459310492,-0.2685547,-1.405762,-0.2685547,-29.14504,-42.1832,29.40458
1609459310751,0.3173828,-0.1621094,0.3173828,16.9313,46.33588,-7.10687
1609459310057,-0.4213867,-0.3740234,-0.4213867,16.91603,60.85496,-39.30534
1609459310323,-0.1958008,-1.76123,-0.1958008,-30.71756,-30.0458,10.37405
1609459311576,0.03271484,-0.4746093,0.03271484,36.76336,78.41985,14.46565
1609459311833,-0.4711914,-0.2148438,-0.4711914,13.23664,34.08397,-30.69466
1609459311094,-0.1430664,-1.567871,-0.1430664,-10.22901,-12.29771,10.52672
1609459311350,-0.3774414,-1.103027,-0.3774414,33.21374,50.44275,5.580153
1609459312610,-0.4555664,-0.4350586,-0.4555664,11.06107,8.923664,-23.67175
1609459312869,0.07958984,-1.330566,0.07958984,-35.45038,-43.70992,20.07634
1609459312129,0.1210938,-1.026367,0.1210938,28.9313,50.43512,-7.519084
1609459313389,-0.5742188,-0.6313477,-0.5742188,31.73283,53.60305,-37.33588
1609459313648,-0.5917969,-0.5009766,-0.5917969,-52.0229,-60.43512,4.366412
1609459313909,0.1459961,-0.6982422,0.1459961,-6.603054,35.83969,-11.34351
1609459313175,-0.3994141,-1.695801,-0.3994141,-21.70992,2.40458,-34.30534
1609459314437,-0.4208984,-0.7250977,-0.4208984,-42.28244,-34.15267,25.27481
1609459314699,-0.1577148,-0.9091797,-0.1577148,20.41221,29.40458,-22.9771
1609459314958,-0.434082,-1.25293,-0.434082,32.42748,37.0687,-46.53435
1609459314264,-0.519043,-0.7832031,-0.519043,-79.72519,-98.15267,117.9847
1609459315522,0.2231446,-0.2822266,0.2231446,39.74809,49.29008,-16.08397
1609459315788,-0.3691406,-1.672363,-0.3691406,17.51145,70.92367,-48.84733
1609459315051,-0.2558594,-0.6782227,-0.2558594,-51.06107,-37.80153,72.87786
1609459315316,-0.01025391,-0.4555664,-0.01025391,-7.992366,22.77099,-10.9542
1609459316581,-0.1962891,-0.8413085,-0.1962891,27.9771,36.56488,-26.0
1609459316846,-0.21875,-0.7573242,-0.21875,9.687023,64.16031,-1.480916
1609459316111,-0.5961914,-1.055176,-0.5961914,10.75572,47.56488,-29.72519
1609459317374,-0.1586914,-0.8989258,-0.1586914,8.931297,46.76336,5.290076
1609459317639,-0.3212891,-0.8647461,-0.3212891,30.03817,45.52672,-6.175572
1609459317906,-0.3183594,-0.894043,-0.3183594,36.94656,64.39695,-35.47328
1609459317177,-0.3740234,-0.8066406,-0.3740234,23.31298,20.64886,-21.93893
1609459318446,-0.4550781,-0.8041992,-0.4550781,17.46565,-1.312977,10.64886
1609459318717,-0.5351563,-0.503418,-0.5351563,-34.47328,-137.5954,82.62595
1609459318988,-0.1269531,-0.3017578,-0.1269531,-41.41985,-135.1832,29.28244
1609459318255,6.786133,-3.196289,6.786133,250.1298,-248.1832,-248.1832
1609459319566,1.134277,-0.269043,1.134277,102.8092,76.90839,-245.0076
1609459319834,1.862305,0.1611328,1.862305,-0.8854961,-51.52672,-108.5343
1609459319103,0.9487305,0.1142578,0.9487305,-4.549618,-3.832061,-16.45802
1609459320375,0.9721681,0.1669922,0.9721681,-2.984733,-2.885496,-5.854962
1609459320644,0.9370116,0.1103516,0.9370116,-5.358778,0.3969465,1.419847
1609459320946,0.9277344,0.1665039,0.9277344,-3.725191,-2.091603,-4.519084
1609459320194,0.9941406,0.1845703,0.9941406,1.778626,-1.931297,-2.396947
1609459321445,0.9379884,0.1264648,0.9379884,-3.526718,-0.04580153,10.98473
1609459321695,0.9448242,0.05566406,0.9448242,-1.625954,1.21374,3.847328
1609459321949,0.9785156,0.08740233,0.9785156,-9.427481,-5.0,26.01526
1609459321205,0.8681641,-0.1816406,0.8681641,-9.954199,4.824428,21.80153
1609459322457,1.10791,-0.1074219,1.10791,-11.09924,-2.21374,38.91603
1609459322710,0.8935548,-0.4624024,0.8935548,-14.84733,-13.70992,59.08397
1609459322961,0.7358398,-0.6835938,0.7358398,-14.36641,-14.29008,56.91603
1609459322214,0.5405273,-0.8261718,0.5405273,-3.137405,7.89313,57.80916
1609459323466,0.3564453,-0.9750977,0.3564453,-3.839695,-1.083969,42.85496
1609459323763,0.3115234,-1.007324,0.3115234,26.9542,-15.17557,24.26717
1609459323018,0.5405273,-0.8486328,0.5405273,-47.38931,-3.389313,-66.69466
1609459323276,0.09912108,-0.8212891,0.09912108,-44.69466,28.77863,31.22137
1609459324534,0.21875,-0.9848633,0.21875,42.96947,-16.03817,70.229
1609459324792,0.1386719,-0.7988282,0.1386719,38.92366,-42.87786,52.89313
1609459324045,-0.3833008,-1.155273,-0.3833008,65.83206,-66.58778,67.98473
1609459324302,-0.1791992,-1.169922,-0.1791992,-60.15267,36.80916,-70.43511
1609459325559,-0.05908203,-0.9248048,-0.05908203,4.374046,-17.24427,-5.839694
1609459325812,-0.0727539,-0.7631836,-0.0727539,2.961832,-47.67176,84.01527
1609459325076,-0.3422852,-0.918457,-0.3422852,-9.435115,-65.42748,44.55725
1609459325334,-0.4970703,-0.6987305,-0.4970703,-5.503816,-3.526718,-4.099236
1609459326601,-0.3525391,-0.8510742,-0.3525391,11.45802,0.6641222,-19.79389
1609459326862,-0.2797852,-0.7666016,-0.2797852,-3.473282,15.18321,-6.832061